{"cameraMode":{"drawMode":0,"name":"Shaded","section":"Shading Mode"},"sceneLighting":false,"audioPlay":false,"sceneViewState":{"m_AlwaysRefresh":false,"showFog":false,"showSkybox":false,"showFlares":true,"showImageEffects":true,"showParticleSystems":true,"showVisualEffectGraphs":true,"m_FxEnabled":true},"in2DMode":false,"pivot":{"x":333.2220458984375,"y":30.865692138671876,"z":233.86639404296876},"rotation":{"x":-0.009482587687671185,"y":-0.9852097034454346,"z":-0.16101433336734773,"w":0.05799349397420883},"size":1.7296233177185059,"orthographic":false}