{"cameraMode":{"drawMode":0,"name":"Shaded","section":"Shading Mode"},"sceneLighting":true,"audioPlay":false,"sceneViewState":{"m_AlwaysRefresh":false,"showFog":false,"showSkybox":true,"showFlares":true,"showImageEffects":true,"showParticleSystems":true,"showVisualEffectGraphs":true,"m_FxEnabled":true},"in2DMode":false,"pivot":{"x":308.0113220214844,"y":26.669776916503908,"z":263.29302978515627},"rotation":{"x":0.07152105867862702,"y":0.10751025378704071,"z":-0.007741663139313459,"w":0.9916132092475891},"size":2.755859851837158,"orthographic":false}